No,DateTime,Device Name,Location,Energy Consumption (kWh)
24,01/11/25,GG_L1_DWS-SDP LP,DWS-Gudang,435165.73
18,01/11/25,GG_L1_DWS-SDP STK,DWS-Gudang,628200.43
48,01/11/25,GG_L1_PED-SDP LP,BPP-SDP.AHU,1301940.33
29,01/11/25,GG_L1_PED-SDP STK,BPP-SDP.AHU,818047.42
25,01/11/25,GG_L1_WB-DWS_AHU,WB DWS-AHU,797980.87
6,01/11/25,GG_L1_WT-B2B_AHU,WT B2B-AHU,337147.02
11,01/11/25,GG_L1_WT-BPP_AHU,WT BPP-AHU,421340.41
44,01/11/25,GG_L2_P2DNS B-SDP AC,TIOC-R Istirahat,7758516.66
40,01/11/25,GG_L2_P2DNS T-SDP 1,TIOC-SDP.AHU,898476.83
49,01/11/25,GG_L2_P2DNS T-SDP 2,TIOC-SDP.AHU,1827200.92
35,01/11/25,GG_L2_R Panel-SDP DB LED,R Panel,2997351.27
22,01/11/25,GG_L2_R Panel-SDP DB UPS,R Panel,6102355.97
55,01/11/25,GG_L2_R Panel-SDP PP,R Panel,2853597.7
16,01/11/25,GG_L3_DSO-SDP Server,DSO-R Monitoring,892996.51
28,01/11/25,GG_L3_DSO-SDP-LP-STK,DSO-R Panel,1864448.54
30,01/11/25,GG_L3_WB_AHU,WB-AHU,483415.79
17,01/11/25,GG_L3_WT_AHU,WT-AHU,496234.55
43,01/11/25,GG_L4_WB_AHU,WB-AHU,671557.68
4,01/11/25,GG_L4_WT_AHU,WT-AHU,544318.08
51,01/11/25,GG_L5_WB_AHU,WB-AHU,444136.31
14,01/11/25,GG_L6_INFRACO-SDP LP-STK 1,Infraco-SDP-AHU,1355050.32
5,01/11/25,GG_L6_INFRACO-SDP-LP-STK2,Infraco-SDP-AHU,753774.88
33,01/11/25,GG_L6_WB_AHU,WB-AHU,473319.38
120,02/11/25,GG_L1_DWS-SDP LP,DWS-Gudang,435664.57
114,02/11/25,GG_L1_DWS-SDP STK,DWS-Gudang,628730.73
71,02/11/25,GG_L1_PED-SDP LP,BPP-SDP.AHU,1302313.49
65,02/11/25,GG_L1_PED-SDP STK,BPP-SDP.AHU,854875.38
119,02/11/25,GG_L1_WB-DWS_AHU,WB DWS-AHU,763286.05
103,02/11/25,GG_L1_WT-B2B_AHU,WT B2B-AHU,354891.6
106,02/11/25,GG_L1_WT-BPP_AHU,WT BPP-AHU,421343.53
81,02/11/25,GG_L2_P2DNS B-SDP AC,TIOC-R Istirahat,7778604.42
77,02/11/25,GG_L2_P2DNS T-SDP 1,TIOC-SDP.AHU,1050243.89
85,02/11/25,GG_L2_P2DNS T-SDP 2,TIOC-SDP.AHU,407305.94
117,02/11/25,GG_L2_R Panel-SDP DB LED,R Panel,3004810.64
104,02/11/25,GG_L2_R Panel-SDP DB UPS,R Panel,5007613.58
91,02/11/25,GG_L2_R Panel-SDP PP,R Panel,2861993.71
111,02/11/25,GG_L3_DSO-SDP Server,DSO-R Monitoring,976301.3
109,02/11/25,GG_L3_DSO-SDP-LP-STK,DSO-R Panel,1789572.27
66,02/11/25,GG_L3_WB_AHU,WB-AHU,443157.26
112,02/11/25,GG_L3_WT_AHU,WT-AHU,496234.55
79,02/11/25,GG_L4_WB_AHU,WB-AHU,700755.84
100,02/11/25,GG_L4_WT_AHU,WT-AHU,521638.16
87,02/11/25,GG_L5_WB_AHU,WB-AHU,444136.31
110,02/11/25,GG_L6_INFRACO-SDP LP-STK 1,Infraco-SDP-AHU,1356979.37
101,02/11/25,GG_L6_INFRACO-SDP-LP-STK2,Infraco-SDP-AHU,787289.71
70,02/11/25,GG_L6_WB_AHU,WB-AHU,473319.38
156,03/11/25,GG_L1_DWS-SDP LP,DWS-Gudang,436463.08
150,03/11/25,GG_L1_DWS-SDP STK,DWS-Gudang,629832.06
180,03/11/25,GG_L1_PED-SDP LP,BPP-SDP.AHU,1361265.01
161,03/11/25,GG_L1_PED-SDP STK,BPP-SDP.AHU,856841.44
157,03/11/25,GG_L1_WB-DWS_AHU,WB DWS-AHU,834030.21
138,03/11/25,GG_L1_WT-B2B_AHU,WT B2B-AHU,408800.99
143,03/11/25,GG_L1_WT-BPP_AHU,WT BPP-AHU,422020.7
176,03/11/25,GG_L2_P2DNS B-SDP AC,TIOC-R Istirahat,7797994.36
172,03/11/25,GG_L2_P2DNS T-SDP 1,TIOC-SDP.AHU,1503782.55
181,03/11/25,GG_L2_P2DNS T-SDP 2,TIOC-SDP.AHU,1841619.86
167,03/11/25,GG_L2_R Panel-SDP DB LED,R Panel,3012526.45
154,03/11/25,GG_L2_R Panel-SDP DB UPS,R Panel,6415886
127,03/11/25,GG_L2_R Panel-SDP PP,R Panel,2870396.14
148,03/11/25,GG_L3_DSO-SDP Server,DSO-R Monitoring,978358.25
160,03/11/25,GG_L3_DSO-SDP-LP-STK,DSO-R Panel,1871723.93
162,03/11/25,GG_L3_WB_AHU,WB-AHU,464167.83
149,03/11/25,GG_L3_WT_AHU,WT-AHU,497077.29
175,03/11/25,GG_L4_WB_AHU,WB-AHU,584891.83
136,03/11/25,GG_L4_WT_AHU,WT-AHU,545196.25
183,03/11/25,GG_L5_WB_AHU,WB-AHU,444924.99
146,03/11/25,GG_L6_INFRACO-SDP LP-STK 1,Infraco-SDP-AHU,1359652.53
137,03/11/25,GG_L6_INFRACO-SDP-LP-STK2,Infraco-SDP-AHU,755900.76
165,03/11/25,GG_L6_WB_AHU,WB-AHU,454384.72
238,04/11/25,GG_L1_DWS-SDP LP,DWS-Gudang,437755.04
232,04/11/25,GG_L1_DWS-SDP STK,DWS-Gudang,631675.09
202,04/11/25,GG_L1_PED-SDP LP,BPP-SDP.AHU,1309219
242,04/11/25,GG_L1_PED-SDP STK,BPP-SDP.AHU,859783.52
191,04/11/25,GG_L1_WB-DWS_AHU,WB DWS-AHU,767110.61
221,04/11/25,GG_L1_WT-B2B_AHU,WT B2B-AHU,320916.66
237,04/11/25,GG_L1_WT-BPP_AHU,WT BPP-AHU,423374.31
199,04/11/25,GG_L2_P2DNS B-SDP AC,TIOC-R Istirahat,7812069.39
195,04/11/25,GG_L2_P2DNS T-SDP 1,TIOC-SDP.AHU,1056006.72
203,04/11/25,GG_L2_P2DNS T-SDP 2,TIOC-SDP.AHU,1846329.38
189,04/11/25,GG_L2_R Panel-SDP DB LED,R Panel,3020576.44
235,04/11/25,GG_L2_R Panel-SDP DB UPS,R Panel,6433883.05
209,04/11/25,GG_L2_R Panel-SDP PP,R Panel,2878668.06
230,04/11/25,GG_L3_DSO-SDP Server,DSO-R Monitoring,980413.73
240,04/11/25,GG_L3_DSO-SDP-LP-STK,DSO-R Panel,1799965.18
197,04/11/25,GG_L3_WB_AHU,WB-AHU,465900.91
243,04/11/25,GG_L3_WT_AHU,WT-AHU,498817.04
210,04/11/25,GG_L4_WB_AHU,WB-AHU,645422.65
231,04/11/25,GG_L4_WT_AHU,WT-AHU,524180.44
218,04/11/25,GG_L5_WB_AHU,WB-AHU,446480.53
229,04/11/25,GG_L6_INFRACO-SDP LP-STK 1,Infraco-SDP-AHU,1363695.03
219,04/11/25,GG_L6_INFRACO-SDP-LP-STK2,Infraco-SDP-AHU,791141.32
188,04/11/25,GG_L6_WB_AHU,WB-AHU,475735.81
287,05/11/25,GG_L1_DWS-SDP LP,DWS-Gudang,439295.73
281,05/11/25,GG_L1_DWS-SDP STK,DWS-Gudang,633835.55
251,05/11/25,GG_L1_PED-SDP LP,BPP-SDP.AHU,1199731.65
292,05/11/25,GG_L1_PED-SDP STK,BPP-SDP.AHU,862909.36
288,05/11/25,GG_L1_WB-DWS_AHU,WB DWS-AHU,769523.66
269,05/11/25,GG_L1_WT-B2B_AHU,WT B2B-AHU,268331.31
274,05/11/25,GG_L1_WT-BPP_AHU,WT BPP-AHU,424724.78
307,05/11/25,GG_L2_P2DNS B-SDP AC,TIOC-R Istirahat,7500791.77
303,05/11/25,GG_L2_P2DNS T-SDP 1,TIOC-SDP.AHU,1361612.73
252,05/11/25,GG_L2_P2DNS T-SDP 2,TIOC-SDP.AHU,1850406.23
298,05/11/25,GG_L2_R Panel-SDP DB LED,R Panel,3028699.98
285,05/11/25,GG_L2_R Panel-SDP DB UPS,R Panel,4487757.08
258,05/11/25,GG_L2_R Panel-SDP PP,R Panel,2887005.79
279,05/11/25,GG_L3_DSO-SDP Server,DSO-R Monitoring,982475.35
291,05/11/25,GG_L3_DSO-SDP-LP-STK,DSO-R Panel,1884754.8
293,05/11/25,GG_L3_WB_AHU,WB-AHU,467674.88
280,05/11/25,GG_L3_WT_AHU,WT-AHU,500549.48
306,05/11/25,GG_L4_WB_AHU,WB-AHU,678990.56
267,05/11/25,GG_L4_WT_AHU,WT-AHU,503006.09
254,05/11/25,GG_L5_WB_AHU,WB-AHU,448022.82
277,05/11/25,GG_L6_INFRACO-SDP LP-STK 1,Infraco-SDP-AHU,1253486.04
268,05/11/25,GG_L6_INFRACO-SDP-LP-STK2,Infraco-SDP-AHU,793486.1
296,05/11/25,GG_L6_WB_AHU,WB-AHU,477269.54
337,06/11/25,GG_L1_DWS-SDP LP,DWS-Gudang,440696.87
332,06/11/25,GG_L1_DWS-SDP STK,DWS-Gudang,635780.8
362,06/11/25,GG_L1_PED-SDP LP,BPP-SDP.AHU,1317616.98
343,06/11/25,GG_L1_PED-SDP STK,BPP-SDP.AHU,865637.9
338,06/11/25,GG_L1_WB-DWS_AHU,WB DWS-AHU,842193.79
320,06/11/25,GG_L1_WT-B2B_AHU,WT B2B-AHU,215203.84
324,06/11/25,GG_L1_WT-BPP_AHU,WT BPP-AHU,426100.91
359,06/11/25,GG_L2_P2DNS B-SDP AC,TIOC-R Istirahat,7839361.31
355,06/11/25,GG_L2_P2DNS T-SDP 1,TIOC-SDP.AHU,758435.23
363,06/11/25,GG_L2_P2DNS T-SDP 2,TIOC-SDP.AHU,1236332.75
349,06/11/25,GG_L2_R Panel-SDP DB LED,R Panel,3036869.61
335,06/11/25,GG_L2_R Panel-SDP DB UPS,R Panel,5346182.88
369,06/11/25,GG_L2_R Panel-SDP PP,R Panel,2895279.75
329,06/11/25,GG_L3_DSO-SDP Server,DSO-R Monitoring,984524.52
341,06/11/25,GG_L3_DSO-SDP-LP-STK,DSO-R Panel,1890566.19
344,06/11/25,GG_L3_WB_AHU,WB-AHU,489926.57
330,06/11/25,GG_L3_WT_AHU,WT-AHU,502266.18
357,06/11/25,GG_L4_WB_AHU,WB-AHU,710819.49
317,06/11/25,GG_L4_WT_AHU,WT-AHU,527640.07
365,06/11/25,GG_L5_WB_AHU,WB-AHU,449574.34
328,06/11/25,GG_L6_INFRACO-SDP LP-STK 1,Infraco-SDP-AHU,1313761.99
318,06/11/25,GG_L6_INFRACO-SDP-LP-STK2,Infraco-SDP-AHU,795822.92
348,06/11/25,GG_L6_WB_AHU,WB-AHU,478921.93
433,07/11/25,GG_L1_DWS-SDP LP,DWS-Gudang,441880.06
428,07/11/25,GG_L1_DWS-SDP STK,DWS-Gudang,637688.56
399,07/11/25,GG_L1_PED-SDP LP,BPP-SDP.AHU,1321070.06
379,07/11/25,GG_L1_PED-SDP STK,BPP-SDP.AHU,867961.23
388,07/11/25,GG_L1_WB-DWS_AHU,WB DWS-AHU,844806.89
416,07/11/25,GG_L1_WT-B2B_AHU,WT B2B-AHU,53960.16
434,07/11/25,GG_L1_WT-BPP_AHU,WT BPP-AHU,427397.97
394,07/11/25,GG_L2_P2DNS B-SDP AC,TIOC-R Istirahat,7853997.41
390,07/11/25,GG_L2_P2DNS T-SDP 1,TIOC-SDP.AHU,1824435.14
398,07/11/25,GG_L2_P2DNS T-SDP 2,TIOC-SDP.AHU,2891160.47
386,07/11/25,GG_L2_R Panel-SDP DB LED,R Panel,2790928.37
431,07/11/25,GG_L2_R Panel-SDP DB UPS,R Panel,5925458.11
405,07/11/25,GG_L2_R Panel-SDP PP,R Panel,2903626.94
426,07/11/25,GG_L3_DSO-SDP Server,DSO-R Monitoring,986582.35
378,07/11/25,GG_L3_DSO-SDP-LP-STK,DSO-R Panel,1738374.85
393,07/11/25,GG_L3_WB_AHU,WB-AHU,491688.91
380,07/11/25,GG_L3_WT_AHU,WT-AHU,503956.89
406,07/11/25,GG_L4_WB_AHU,WB-AHU,712899.79
427,07/11/25,GG_L4_WT_AHU,WT-AHU,552356.58
414,07/11/25,GG_L5_WB_AHU,WB-AHU,451116.85
424,07/11/25,GG_L6_INFRACO-SDP LP-STK 1,Infraco-SDP-AHU,1374528.27
415,07/11/25,GG_L6_INFRACO-SDP-LP-STK2,Infraco-SDP-AHU,798188
383,07/11/25,GG_L6_WB_AHU,WB-AHU,480572.01
451,08/11/25,GG_L1_DWS-SDP LP,DWS-Gudang,442563.29
446,08/11/25,GG_L1_DWS-SDP STK,DWS-Gudang,638901.81
476,08/11/25,GG_L1_PED-SDP LP,BPP-SDP.AHU,1150322.41
457,08/11/25,GG_L1_PED-SDP STK,BPP-SDP.AHU,869572.54
452,08/11/25,GG_L1_WB-DWS_AHU,WB DWS-AHU,845997.56
495,08/11/25,GG_L1_WT-B2B_AHU,WT B2B-AHU,54063.24
499,08/11/25,GG_L1_WT-BPP_AHU,WT BPP-AHU,427983.84
472,08/11/25,GG_L2_P2DNS B-SDP AC,TIOC-R Istirahat,7876580.58
469,08/11/25,GG_L2_P2DNS T-SDP 1,TIOC-SDP.AHU,1828968.73
477,08/11/25,GG_L2_P2DNS T-SDP 2,TIOC-SDP.AHU,1242114.62
463,08/11/25,GG_L2_R Panel-SDP DB LED,R Panel,3052649.43
449,08/11/25,GG_L2_R Panel-SDP DB UPS,R Panel,5943067.81
483,08/11/25,GG_L2_R Panel-SDP PP,R Panel,2911901.09
443,08/11/25,GG_L3_DSO-SDP Server,DSO-R Monitoring,988644.21
455,08/11/25,GG_L3_DSO-SDP-LP-STK,DSO-R Panel,1821532.45
458,08/11/25,GG_L3_WB_AHU,WB-AHU,492491.68
444,08/11/25,GG_L3_WT_AHU,WT-AHU,504737.3
471,08/11/25,GG_L4_WB_AHU,WB-AHU,713842.08
492,08/11/25,GG_L4_WT_AHU,WT-AHU,553167.38
479,08/11/25,GG_L5_WB_AHU,WB-AHU,451990.79
442,08/11/25,GG_L6_INFRACO-SDP LP-STK 1,Infraco-SDP-AHU,1377426.28
493,08/11/25,GG_L6_INFRACO-SDP-LP-STK2,Infraco-SDP-AHU,799716.62
462,08/11/25,GG_L6_WB_AHU,WB-AHU,481315.22
561,09/11/25,GG_L1_DWS-SDP LP,DWS-Gudang,442847.86
555,09/11/25,GG_L1_DWS-SDP STK,DWS-Gudang,639426.82
526,09/11/25,GG_L1_PED-SDP LP,BPP-SDP.AHU,1380967.33
506,09/11/25,GG_L1_PED-SDP STK,BPP-SDP.AHU,870756
562,09/11/25,GG_L1_WB-DWS_AHU,WB DWS-AHU,775497.77
544,09/11/25,GG_L1_WT-B2B_AHU,WT B2B-AHU,108126.48
548,09/11/25,GG_L1_WT-BPP_AHU,WT BPP-AHU,410151.18
521,09/11/25,GG_L2_P2DNS B-SDP AC,TIOC-R Istirahat,7906434.39
518,09/11/25,GG_L2_P2DNS T-SDP 1,TIOC-SDP.AHU,1832115.11
525,09/11/25,GG_L2_P2DNS T-SDP 2,TIOC-SDP.AHU,1453173.22
513,09/11/25,GG_L2_R Panel-SDP DB LED,R Panel,3060272.38
560,09/11/25,GG_L2_R Panel-SDP DB UPS,R Panel,6810007.38
533,09/11/25,GG_L2_R Panel-SDP PP,R Panel,2920144.97
553,09/11/25,GG_L3_DSO-SDP Server,DSO-R Monitoring,990710.74
505,09/11/25,GG_L3_DSO-SDP-LP-STK,DSO-R Panel,1904824.16
507,09/11/25,GG_L3_WB_AHU,WB-AHU,492520.13
554,09/11/25,GG_L3_WT_AHU,WT-AHU,504737.3
519,09/11/25,GG_L4_WB_AHU,WB-AHU,684098.66
541,09/11/25,GG_L4_WT_AHU,WT-AHU,553167.38
528,09/11/25,GG_L5_WB_AHU,WB-AHU,433527.9
551,09/11/25,GG_L6_INFRACO-SDP LP-STK 1,Infraco-SDP-AHU,1379257.21
542,09/11/25,GG_L6_INFRACO-SDP-LP-STK2,Infraco-SDP-AHU,800509.05
511,09/11/25,GG_L6_WB_AHU,WB-AHU,481315.22
610,10/11/25,GG_L1_DWS-SDP LP,DWS-Gudang,443664.2
604,10/11/25,GG_L1_DWS-SDP STK,DWS-Gudang,640648.82
574,10/11/25,GG_L1_PED-SDP LP,BPP-SDP.AHU,1268237.34
616,10/11/25,GG_L1_PED-SDP STK,BPP-SDP.AHU,872619.22
611,10/11/25,GG_L1_WB-DWS_AHU,WB DWS-AHU,847384.51
593,10/11/25,GG_L1_WT-B2B_AHU,WT B2B-AHU,126393.94
597,10/11/25,GG_L1_WT-BPP_AHU,WT BPP-AHU,428732.94
570,10/11/25,GG_L2_P2DNS B-SDP AC,TIOC-R Istirahat,7931985.66
567,10/11/25,GG_L2_P2DNS T-SDP 1,TIOC-SDP.AHU,1377504.08
575,10/11/25,GG_L2_P2DNS T-SDP 2,TIOC-SDP.AHU,1664040.95
622,10/11/25,GG_L2_R Panel-SDP DB LED,R Panel,2812473.53
608,10/11/25,GG_L2_R Panel-SDP DB UPS,R Panel,5405934.75
581,10/11/25,GG_L2_R Panel-SDP PP,R Panel,2928339.91
602,10/11/25,GG_L3_DSO-SDP Server,DSO-R Monitoring,951386.81
614,10/11/25,GG_L3_DSO-SDP-LP-STK,DSO-R Panel,1670899.56
617,10/11/25,GG_L3_WB_AHU,WB-AHU,493535.78
603,10/11/25,GG_L3_WT_AHU,WT-AHU,484631.09
569,10/11/25,GG_L4_WB_AHU,WB-AHU,685368.2
590,10/11/25,GG_L4_WT_AHU,WT-AHU,554177.66
577,10/11/25,GG_L5_WB_AHU,WB-AHU,453228.94
601,10/11/25,GG_L6_INFRACO-SDP LP-STK 1,Infraco-SDP-AHU,1324147.11
591,10/11/25,GG_L6_INFRACO-SDP-LP-STK2,Infraco-SDP-AHU,768600.18
621,10/11/25,GG_L6_WB_AHU,WB-AHU,462155.68
650,11/11/25,GG_L1_DWS-SDP LP,DWS-Gudang,315154.3
644,11/11/25,GG_L1_DWS-SDP STK,DWS-Gudang,455074.48
675,11/11/25,GG_L1_PED-SDP LP,BPP-SDP.AHU,983314.47
656,11/11/25,GG_L1_PED-SDP STK,BPP-SDP.AHU,619818.98
660,11/11/25,GG_L1_WB-DWS_AHU,WB DWS-AHU,601827.94
676,11/11/25,GG_L1_WT-B2B_AHU,WT B2B-AHU,72380.04
646,11/11/25,GG_L1_WT-BPP_AHU,WT BPP-AHU,304501.19
671,11/11/25,GG_L2_P2DNS B-SDP AC,TIOC-R Istirahat,5630851.75
688,11/11/25,GG_L2_P2DNS T-SDP 1,TIOC-SDP.AHU,1228219.06
687,11/11/25,GG_L2_P2DNS T-SDP 2,TIOC-SDP.AHU,1250781.8
662,11/11/25,GG_L2_R Panel-SDP DB LED,R Panel,2178454.24
648,11/11/25,GG_L2_R Panel-SDP DB UPS,R Panel,3993976.86
682,11/11/25,GG_L2_R Panel-SDP PP,R Panel,1957270.81
642,11/11/25,GG_L3_DSO-SDP Server,DSO-R Monitoring,704555.66
653,11/11/25,GG_L3_DSO-SDP-LP-STK,DSO-R Panel,1358090.18
665,11/11/25,GG_L3_WB_AHU,WB-AHU,350723.67
651,11/11/25,GG_L3_WT_AHU,WT-AHU,359276.75
678,11/11/25,GG_L4_WB_AHU,WB-AHU,509440.73
638,11/11/25,GG_L4_WT_AHU,WT-AHU,393639.04
686,11/11/25,GG_L5_WB_AHU,WB-AHU,321980.05
636,11/11/25,GG_L6_INFRACO-SDP LP-STK 1,Infraco-SDP-AHU,923473.47
674,11/11/25,GG_L6_INFRACO-SDP-LP-STK2,Infraco-SDP-AHU,569598.11
641,11/11/25,GG_L6_WB_AHU,WB-AHU,342544.61
700,12/11/25,GG_L1_DWS-SDP LP,DWS-Gudang,446493.2
695,12/11/25,GG_L1_DWS-SDP STK,DWS-Gudang,644824.95
724,12/11/25,GG_L1_PED-SDP LP,BPP-SDP.AHU,1393962.81
706,12/11/25,GG_L1_PED-SDP STK,BPP-SDP.AHU,878083.97
727,12/11/25,GG_L1_WB-DWS_AHU,WB DWS-AHU,852699.53
743,12/11/25,GG_L1_WT-B2B_AHU,WT B2B-AHU,181624.1
714,12/11/25,GG_L1_WT-BPP_AHU,WT BPP-AHU,413469.11
720,12/11/25,GG_L2_P2DNS B-SDP AC,TIOC-R Istirahat,7970796.86
751,12/11/25,GG_L2_P2DNS T-SDP 1,TIOC-SDP.AHU,1540378.41
750,12/11/25,GG_L2_P2DNS T-SDP 2,TIOC-SDP.AHU,2298281.44
711,12/11/25,GG_L2_R Panel-SDP DB LED,R Panel,3084386.27
698,12/11/25,GG_L2_R Panel-SDP DB UPS,R Panel,6009471.88
731,12/11/25,GG_L2_R Panel-SDP PP,R Panel,2944645.07
693,12/11/25,GG_L3_DSO-SDP Server,DSO-R Monitoring,996885.31
704,12/11/25,GG_L3_DSO-SDP-LP-STK,DSO-R Panel,1926082.73
732,12/11/25,GG_L3_WB_AHU,WB-AHU,497287.89
719,12/11/25,GG_L3_WT_AHU,WT-AHU,509193.62
745,12/11/25,GG_L4_WB_AHU,WB-AHU,721838.47
707,12/11/25,GG_L4_WT_AHU,WT-AHU,557776.14
694,12/11/25,GG_L5_WB_AHU,WB-AHU,456320.11
705,12/11/25,GG_L6_INFRACO-SDP LP-STK 1,Infraco-SDP-AHU,1389080.41
741,12/11/25,GG_L6_INFRACO-SDP-LP-STK2,Infraco-SDP-AHU,806790.1
710,12/11/25,GG_L6_WB_AHU,WB-AHU,485522.74
778,13/11/25,GG_L1_DWS-SDP LP,DWS-Gudang,447882.61
771,13/11/25,GG_L1_DWS-SDP STK,DWS-Gudang,646951.37
802,13/11/25,GG_L1_PED-SDP LP,BPP-SDP.AHU,1282060.38
784,13/11/25,GG_L1_PED-SDP STK,BPP-SDP.AHU,880708.02
777,13/11/25,GG_L1_WB-DWS_AHU,WB DWS-AHU,855446.47
760,13/11/25,GG_L1_WT-B2B_AHU,WT B2B-AHU,18191.9
763,13/11/25,GG_L1_WT-BPP_AHU,WT BPP-AHU,432782.14
798,13/11/25,GG_L2_P2DNS B-SDP AC,TIOC-R Istirahat,7991691.48
795,13/11/25,GG_L2_P2DNS T-SDP 1,TIOC-SDP.AHU,617253.55
803,13/11/25,GG_L2_P2DNS T-SDP 2,TIOC-SDP.AHU,1464842.69
789,13/11/25,GG_L2_R Panel-SDP DB LED,R Panel,2963684.06
775,13/11/25,GG_L2_R Panel-SDP DB UPS,R Panel,6026456.55
810,13/11/25,GG_L2_R Panel-SDP PP,R Panel,2952726.8
770,13/11/25,GG_L3_DSO-SDP Server,DSO-R Monitoring,998937.64
781,13/11/25,GG_L3_DSO-SDP-LP-STK,DSO-R Panel,1934323.01
783,13/11/25,GG_L3_WB_AHU,WB-AHU,499161.45
769,13/11/25,GG_L3_WT_AHU,WT-AHU,510875.94
796,13/11/25,GG_L4_WB_AHU,WB-AHU,723992.83
756,13/11/25,GG_L4_WT_AHU,WT-AHU,559503.65
804,13/11/25,GG_L5_WB_AHU,WB-AHU,457819.23
768,13/11/25,GG_L6_INFRACO-SDP LP-STK 1,Infraco-SDP-AHU,1392769.16
758,13/11/25,GG_L6_INFRACO-SDP-LP-STK2,Infraco-SDP-AHU,809187.81
788,13/11/25,GG_L6_WB_AHU,WB-AHU,487145
873,14/11/25,GG_L1_DWS-SDP LP,DWS-Gudang,449109.92
868,14/11/25,GG_L1_DWS-SDP STK,DWS-Gudang,648818.07
838,14/11/25,GG_L1_PED-SDP LP,BPP-SDP.AHU,1402877.76
819,14/11/25,GG_L1_PED-SDP STK,BPP-SDP.AHU,846356.01
828,14/11/25,GG_L1_WB-DWS_AHU,WB DWS-AHU,858065.83
879,14/11/25,GG_L1_WT-B2B_AHU,WT B2B-AHU,91832.38
874,14/11/25,GG_L1_WT-BPP_AHU,WT BPP-AHU,434081.73
834,14/11/25,GG_L2_P2DNS B-SDP AC,TIOC-R Istirahat,8008913.94
844,14/11/25,GG_L2_P2DNS T-SDP 1,TIOC-SDP.AHU,1703302.05
852,14/11/25,GG_L2_P2DNS T-SDP 2,TIOC-SDP.AHU,1677589.48
825,14/11/25,GG_L2_R Panel-SDP DB LED,R Panel,3100746.04
871,14/11/25,GG_L2_R Panel-SDP DB UPS,R Panel,6906271.5
845,14/11/25,GG_L2_R Panel-SDP PP,R Panel,2960723.07
866,14/11/25,GG_L3_DSO-SDP Server,DSO-R Monitoring,1001008.22
817,14/11/25,GG_L3_DSO-SDP-LP-STK,DSO-R Panel,1941578.43
833,14/11/25,GG_L3_WB_AHU,WB-AHU,500896.9
820,14/11/25,GG_L3_WT_AHU,WT-AHU,512566.31
846,14/11/25,GG_L4_WB_AHU,WB-AHU,726024.39
867,14/11/25,GG_L4_WT_AHU,WT-AHU,561250.47
854,14/11/25,GG_L5_WB_AHU,WB-AHU,459213.83
818,14/11/25,GG_L6_INFRACO-SDP LP-STK 1,Infraco-SDP-AHU,1338531.87
855,14/11/25,GG_L6_INFRACO-SDP-LP-STK2,Infraco-SDP-AHU,811699.77
823,14/11/25,GG_L6_WB_AHU,WB-AHU,488689.02
938,15/11/25,GG_L1_DWS-SDP LP,DWS-Gudang,449975.03
931,15/11/25,GG_L1_DWS-SDP STK,DWS-Gudang,649951.25
901,15/11/25,GG_L1_PED-SDP LP,BPP-SDP.AHU,1404964.83
882,15/11/25,GG_L1_PED-SDP STK,BPP-SDP.AHU,848129.62
937,15/11/25,GG_L1_WB-DWS_AHU,WB DWS-AHU,859284
920,15/11/25,GG_L1_WT-B2B_AHU,WT B2B-AHU,91865.2
923,15/11/25,GG_L1_WT-BPP_AHU,WT BPP-AHU,434688.47
898,15/11/25,GG_L2_P2DNS B-SDP AC,TIOC-R Istirahat,8025642.83
894,15/11/25,GG_L2_P2DNS T-SDP 1,TIOC-SDP.AHU,1087374.88
902,15/11/25,GG_L2_P2DNS T-SDP 2,TIOC-SDP.AHU,1471504.56
888,15/11/25,GG_L2_R Panel-SDP DB LED,R Panel,3108515.77
935,15/11/25,GG_L2_R Panel-SDP DB UPS,R Panel,6925759.03
908,15/11/25,GG_L2_R Panel-SDP PP,R Panel,2968687.54
930,15/11/25,GG_L3_DSO-SDP Server,DSO-R Monitoring,1003107.65
880,15/11/25,GG_L3_DSO-SDP-LP-STK,DSO-R Panel,1946411.42
883,15/11/25,GG_L3_WB_AHU,WB-AHU,501710.63
929,15/11/25,GG_L3_WT_AHU,WT-AHU,513367.22
896,15/11/25,GG_L4_WB_AHU,WB-AHU,726974.86
916,15/11/25,GG_L4_WT_AHU,WT-AHU,562069.45
903,15/11/25,GG_L5_WB_AHU,WB-AHU,459865.92
928,15/11/25,GG_L6_INFRACO-SDP LP-STK 1,Infraco-SDP-AHU,1399611.76
918,15/11/25,GG_L6_INFRACO-SDP-LP-STK2,Infraco-SDP-AHU,813313.93
887,15/11/25,GG_L6_WB_AHU,WB-AHU,489408
987,16/11/25,GG_L1_DWS-SDP LP,DWS-Gudang,450469.9
981,16/11/25,GG_L1_DWS-SDP STK,DWS-Gudang,650468.59
951,16/11/25,GG_L1_PED-SDP LP,BPP-SDP.AHU,1405479.42
993,16/11/25,GG_L1_PED-SDP STK,BPP-SDP.AHU,886165.78
988,16/11/25,GG_L1_WB-DWS_AHU,WB DWS-AHU,859284
969,16/11/25,GG_L1_WT-B2B_AHU,WT B2B-AHU,128611.27
974,16/11/25,GG_L1_WT-BPP_AHU,WT BPP-AHU,434688.47
947,16/11/25,GG_L2_P2DNS B-SDP AC,TIOC-R Istirahat,8053180.47
943,16/11/25,GG_L2_P2DNS T-SDP 1,TIOC-SDP.AHU,1713681.48
952,16/11/25,GG_L2_P2DNS T-SDP 2,TIOC-SDP.AHU,1688158.73
999,16/11/25,GG_L2_R Panel-SDP DB LED,R Panel,3115977.9
985,16/11/25,GG_L2_R Panel-SDP DB UPS,R Panel,4918893.7
958,16/11/25,GG_L2_R Panel-SDP PP,R Panel,2976755.86
979,16/11/25,GG_L3_DSO-SDP Server,DSO-R Monitoring,1005211.41
991,16/11/25,GG_L3_DSO-SDP-LP-STK,DSO-R Panel,1949104.61
994,16/11/25,GG_L3_WB_AHU,WB-AHU,501739.29
980,16/11/25,GG_L3_WT_AHU,WT-AHU,470586.62
946,16/11/25,GG_L4_WB_AHU,WB-AHU,726974.86
967,16/11/25,GG_L4_WT_AHU,WT-AHU,562069.45
954,16/11/25,GG_L5_WB_AHU,WB-AHU,459865.92
978,16/11/25,GG_L6_INFRACO-SDP LP-STK 1,Infraco-SDP-AHU,1401536.68
968,16/11/25,GG_L6_INFRACO-SDP-LP-STK2,Infraco-SDP-AHU,814254.02
997,16/11/25,GG_L6_WB_AHU,WB-AHU,489408
1038,17/11/25,GG_L1_DWS-SDP LP,DWS-Gudang,451300.68
1032,17/11/25,GG_L1_DWS-SDP STK,DWS-Gudang,651664.36
1061,17/11/25,GG_L1_PED-SDP LP,BPP-SDP.AHU,1408018.69
1042,17/11/25,GG_L1_PED-SDP STK,BPP-SDP.AHU,888163.03
1037,17/11/25,GG_L1_WB-DWS_AHU,WB DWS-AHU,860712.77
1020,17/11/25,GG_L1_WT-B2B_AHU,WT B2B-AHU,91997.9
1023,17/11/25,GG_L1_WT-BPP_AHU,WT BPP-AHU,417240.71
1058,17/11/25,GG_L2_P2DNS B-SDP AC,TIOC-R Istirahat,8079198.98
1054,17/11/25,GG_L2_P2DNS T-SDP 1,TIOC-SDP.AHU,1563314.55
1062,17/11/25,GG_L2_P2DNS T-SDP 2,TIOC-SDP.AHU,2543505.28
1048,17/11/25,GG_L2_R Panel-SDP DB LED,R Panel,3123774.43
1035,17/11/25,GG_L2_R Panel-SDP DB UPS,R Panel,6673742
1008,17/11/25,GG_L2_R Panel-SDP PP,R Panel,2984747.08
1029,17/11/25,GG_L3_DSO-SDP Server,DSO-R Monitoring,1007315.79
1040,17/11/25,GG_L3_DSO-SDP-LP-STK,DSO-R Panel,1790904.55
1043,17/11/25,GG_L3_WB_AHU,WB-AHU,502856.92
1030,17/11/25,GG_L3_WT_AHU,WT-AHU,514299.16
1056,17/11/25,GG_L4_WB_AHU,WB-AHU,728137.78
1017,17/11/25,GG_L4_WT_AHU,WT-AHU,563037.17
1063,17/11/25,GG_L5_WB_AHU,WB-AHU,460661.41
1028,17/11/25,GG_L6_INFRACO-SDP LP-STK 1,Infraco-SDP-AHU,1287206.64
1018,17/11/25,GG_L6_INFRACO-SDP-LP-STK2,Infraco-SDP-AHU,815861.17
1047,17/11/25,GG_L6_WB_AHU,WB-AHU,490287.28
1087,18/11/25,GG_L1_DWS-SDP LP,DWS-Gudang,452541.35
1081,18/11/25,GG_L1_DWS-SDP STK,DWS-Gudang,653656.06
1111,18/11/25,GG_L1_PED-SDP LP,BPP-SDP.AHU,1412509.83
1092,18/11/25,GG_L1_PED-SDP STK,BPP-SDP.AHU,890918.97
1088,18/11/25,GG_L1_WB-DWS_AHU,WB DWS-AHU,863435.47
1069,18/11/25,GG_L1_WT-B2B_AHU,WT B2B-AHU,92337.64
1074,18/11/25,GG_L1_WT-BPP_AHU,WT BPP-AHU,436784.9
1107,18/11/25,GG_L2_P2DNS B-SDP AC,TIOC-R Istirahat,8101567.12
1103,18/11/25,GG_L2_P2DNS T-SDP 1,TIOC-SDP.AHU,783973.56
1112,18/11/25,GG_L2_P2DNS T-SDP 2,TIOC-SDP.AHU,1909820.83
1098,18/11/25,GG_L2_R Panel-SDP DB LED,R Panel,3132195.04
1085,18/11/25,GG_L2_R Panel-SDP DB UPS,R Panel,5237476.64
1118,18/11/25,GG_L2_R Panel-SDP PP,R Panel,2992694.34
1079,18/11/25,GG_L3_DSO-SDP Server,DSO-R Monitoring,1009409.81
1091,18/11/25,GG_L3_DSO-SDP-LP-STK,DSO-R Panel,1879914.28
1093,18/11/25,GG_L3_WB_AHU,WB-AHU,504933.4
1080,18/11/25,GG_L3_WT_AHU,WT-AHU,516023.17
1106,18/11/25,GG_L4_WB_AHU,WB-AHU,669433.17
1127,18/11/25,GG_L4_WT_AHU,WT-AHU,564814.65
1114,18/11/25,GG_L5_WB_AHU,WB-AHU,462143.21
1077,18/11/25,GG_L6_INFRACO-SDP LP-STK 1,Infraco-SDP-AHU,1407782.63
1128,18/11/25,GG_L6_INFRACO-SDP-LP-STK2,Infraco-SDP-AHU,818466.89
1096,18/11/25,GG_L6_WB_AHU,WB-AHU,491925.19
1136,19/11/25,GG_L1_DWS-SDP LP,DWS-Gudang,453779.88
1192,19/11/25,GG_L1_DWS-SDP STK,DWS-Gudang,655670.89
1161,19/11/25,GG_L1_PED-SDP LP,BPP-SDP.AHU,1357173.84
1142,19/11/25,GG_L1_PED-SDP STK,BPP-SDP.AHU,856403.92
1137,19/11/25,GG_L1_WB-DWS_AHU,WB DWS-AHU,757643.81
1180,19/11/25,GG_L1_WT-B2B_AHU,WT B2B-AHU,129502.56
1183,19/11/25,GG_L1_WT-BPP_AHU,WT BPP-AHU,438099.41
1158,19/11/25,GG_L2_P2DNS B-SDP AC,TIOC-R Istirahat,8116437.95
1154,19/11/25,GG_L2_P2DNS T-SDP 1,TIOC-SDP.AHU,943455.69
1162,19/11/25,GG_L2_P2DNS T-SDP 2,TIOC-SDP.AHU,1911134.92
1148,19/11/25,GG_L2_R Panel-SDP DB LED,R Panel,3009623.89
1134,19/11/25,GG_L2_R Panel-SDP DB UPS,R Panel,5544167.12
1168,19/11/25,GG_L2_R Panel-SDP PP,R Panel,3000567.69
1189,19/11/25,GG_L3_DSO-SDP Server,DSO-R Monitoring,1011505.75
1140,19/11/25,GG_L3_DSO-SDP-LP-STK,DSO-R Panel,1968172.46
1143,19/11/25,GG_L3_WB_AHU,WB-AHU,506857.26
1190,19/11/25,GG_L3_WT_AHU,WT-AHU,517724.47
1156,19/11/25,GG_L4_WB_AHU,WB-AHU,732432.25
1177,19/11/25,GG_L4_WT_AHU,WT-AHU,566573.84
1164,19/11/25,GG_L5_WB_AHU,WB-AHU,463594.87
1188,19/11/25,GG_L6_INFRACO-SDP LP-STK 1,Infraco-SDP-AHU,1352483.45
1178,19/11/25,GG_L6_INFRACO-SDP-LP-STK2,Infraco-SDP-AHU,820912.04
1147,19/11/25,GG_L6_WB_AHU,WB-AHU,493497.6
1219,20/11/25,GG_L1_DWS-SDP LP,DWS-Gudang,455092.29
1214,20/11/25,GG_L1_DWS-SDP STK,DWS-Gudang,657853.11
1243,20/11/25,GG_L1_PED-SDP LP,BPP-SDP.AHU,1419988.2
1225,20/11/25,GG_L1_PED-SDP STK,BPP-SDP.AHU,859229.36
1233,20/11/25,GG_L1_WB-DWS_AHU,WB DWS-AHU,651792.67
1202,20/11/25,GG_L1_WT-B2B_AHU,WT B2B-AHU,204196.31
1220,20/11/25,GG_L1_WT-BPP_AHU,WT BPP-AHU,402789
1239,20/11/25,GG_L2_P2DNS B-SDP AC,TIOC-R Istirahat,8131698.28
1235,20/11/25,GG_L2_P2DNS T-SDP 1,TIOC-SDP.AHU,2050320.16
1254,20/11/25,GG_L2_P2DNS T-SDP 2,TIOC-SDP.AHU,1488979.92
1230,20/11/25,GG_L2_R Panel-SDP DB LED,R Panel,3148487.92
1217,20/11/25,GG_L2_R Panel-SDP DB UPS,R Panel,5852154.44
1250,20/11/25,GG_L2_R Panel-SDP PP,R Panel,3008513.43
1212,20/11/25,GG_L3_DSO-SDP Server,DSO-R Monitoring,1013602.93
1224,20/11/25,GG_L3_DSO-SDP-LP-STK,DSO-R Panel,1645592.91
1238,20/11/25,GG_L3_WB_AHU,WB-AHU,508749.47
1226,20/11/25,GG_L3_WT_AHU,WT-AHU,519450.69
1251,20/11/25,GG_L4_WB_AHU,WB-AHU,734568.35
1213,20/11/25,GG_L4_WT_AHU,WT-AHU,568345.38
1200,20/11/25,GG_L5_WB_AHU,WB-AHU,465041.38
1210,20/11/25,GG_L6_INFRACO-SDP LP-STK 1,Infraco-SDP-AHU,1414973.03
1201,20/11/25,GG_L6_INFRACO-SDP-LP-STK2,Infraco-SDP-AHU,823295.27
1228,20/11/25,GG_L6_WB_AHU,WB-AHU,495141.35
1295,21/11/25,GG_L1_DWS-SDP LP,DWS-Gudang,456463.6
1290,21/11/25,GG_L1_DWS-SDP STK,DWS-Gudang,659941.88
1259,21/11/25,GG_L1_PED-SDP LP,BPP-SDP.AHU,1423143.15
1300,21/11/25,GG_L1_PED-SDP STK,BPP-SDP.AHU,899446.08
1296,21/11/25,GG_L1_WB-DWS_AHU,WB DWS-AHU,835111.77
1278,21/11/25,GG_L1_WT-B2B_AHU,WT B2B-AHU,130477.82
1282,21/11/25,GG_L1_WT-BPP_AHU,WT BPP-AHU,367363.51
1318,21/11/25,GG_L2_P2DNS B-SDP AC,TIOC-R Istirahat,8144304.92
1313,21/11/25,GG_L2_P2DNS T-SDP 1,TIOC-SDP.AHU,632790.89
1260,21/11/25,GG_L2_P2DNS T-SDP 2,TIOC-SDP.AHU,1065392.44
1307,21/11/25,GG_L2_R Panel-SDP DB LED,R Panel,3156607.21
1293,21/11/25,GG_L2_R Panel-SDP DB UPS,R Panel,5867752.8
1266,21/11/25,GG_L2_R Panel-SDP PP,R Panel,3016447.21
1286,21/11/25,GG_L3_DSO-SDP Server,DSO-R Monitoring,1015707.41
1298,21/11/25,GG_L3_DSO-SDP-LP-STK,DSO-R Panel,1982215.11
1301,21/11/25,GG_L3_WB_AHU,WB-AHU,489338.04
1287,21/11/25,GG_L3_WT_AHU,WT-AHU,521187.72
1315,21/11/25,GG_L4_WB_AHU,WB-AHU,736708.36
1274,21/11/25,GG_L4_WT_AHU,WT-AHU,570133.27
1262,21/11/25,GG_L5_WB_AHU,WB-AHU,466506.91
1285,21/11/25,GG_L6_INFRACO-SDP LP-STK 1,Infraco-SDP-AHU,1418616.16
1276,21/11/25,GG_L6_INFRACO-SDP-LP-STK2,Infraco-SDP-AHU,791091.25
1306,21/11/25,GG_L6_WB_AHU,WB-AHU,496698.3
1363,22/11/25,GG_L1_DWS-SDP LP,DWS-Gudang,457467.5
1357,22/11/25,GG_L1_DWS-SDP STK,DWS-Gudang,661165.81
1328,22/11/25,GG_L1_PED-SDP LP,BPP-SDP.AHU,1424720.36
1369,22/11/25,GG_L1_PED-SDP STK,BPP-SDP.AHU,901224.19
1364,22/11/25,GG_L1_WB-DWS_AHU,WB DWS-AHU,836423.48
1346,22/11/25,GG_L1_WT-B2B_AHU,WT B2B-AHU,149260.95
1350,22/11/25,GG_L1_WT-BPP_AHU,WT BPP-AHU,367879.61
1323,22/11/25,GG_L2_P2DNS B-SDP AC,TIOC-R Istirahat,7829930.03
1380,22/11/25,GG_L2_P2DNS T-SDP 1,TIOC-SDP.AHU,634158.03
1327,22/11/25,GG_L2_P2DNS T-SDP 2,TIOC-SDP.AHU,854590.84
1376,22/11/25,GG_L2_R Panel-SDP DB LED,R Panel,2900672.81
1362,22/11/25,GG_L2_R Panel-SDP DB UPS,R Panel,5295592.25
1335,22/11/25,GG_L2_R Panel-SDP PP,R Panel,2772598.16
1355,22/11/25,GG_L3_DSO-SDP Server,DSO-R Monitoring,933062.4
1368,22/11/25,GG_L3_DSO-SDP-LP-STK,DSO-R Panel,1076400.28
1370,22/11/25,GG_L3_WB_AHU,WB-AHU,383642.33
1356,22/11/25,GG_L3_WT_AHU,WT-AHU,435015.2
1322,22/11/25,GG_L4_WB_AHU,WB-AHU,707022.74
1343,22/11/25,GG_L4_WT_AHU,WT-AHU,570979.22
1330,22/11/25,GG_L5_WB_AHU,WB-AHU,428377.72
1353,22/11/25,GG_L6_INFRACO-SDP LP-STK 1,Infraco-SDP-AHU,947499.84
1344,22/11/25,GG_L6_INFRACO-SDP-LP-STK2,Infraco-SDP-AHU,723519.16
1374,22/11/25,GG_L6_WB_AHU,WB-AHU,435249.77
1430,23/11/25,GG_L1_DWS-SDP LP,DWS-Gudang,457955.92
1425,23/11/25,GG_L1_DWS-SDP STK,DWS-Gudang,661683.4
1396,23/11/25,GG_L1_PED-SDP LP,BPP-SDP.AHU,1425176.55
1435,23/11/25,GG_L1_PED-SDP STK,BPP-SDP.AHU,902337.83
1399,23/11/25,GG_L1_WB-DWS_AHU,WB DWS-AHU,836423.48
1415,23/11/25,GG_L1_WT-B2B_AHU,WT B2B-AHU,167918.57
1387,23/11/25,GG_L1_WT-BPP_AHU,WT BPP-AHU,441455.53
1393,23/11/25,GG_L2_P2DNS B-SDP AC,TIOC-R Istirahat,8203018.39
1390,23/11/25,GG_L2_P2DNS T-SDP 1,TIOC-SDP.AHU,1588323.8
1440,23/11/25,GG_L2_P2DNS T-SDP 2,TIOC-SDP.AHU,1069957.97
1384,23/11/25,GG_L2_R Panel-SDP DB LED,R Panel,3039515.86
1428,23/11/25,GG_L2_R Panel-SDP DB UPS,R Panel,6489340.3
1403,23/11/25,GG_L2_R Panel-SDP PP,R Panel,3032484.61
1423,23/11/25,GG_L3_DSO-SDP Server,DSO-R Monitoring,1019920.86
1433,23/11/25,GG_L3_DSO-SDP-LP-STK,DSO-R Panel,1410372.46
1404,23/11/25,GG_L3_WB_AHU,WB-AHU,468922.22
1392,23/11/25,GG_L3_WT_AHU,WT-AHU,500267.47
1417,23/11/25,GG_L4_WB_AHU,WB-AHU,737762.86
1436,23/11/25,GG_L4_WT_AHU,WT-AHU,570979.22
1424,23/11/25,GG_L5_WB_AHU,WB-AHU,467341.92
1422,23/11/25,GG_L6_INFRACO-SDP LP-STK 1,Infraco-SDP-AHU,1363839.54
1413,23/11/25,GG_L6_INFRACO-SDP-LP-STK2,Infraco-SDP-AHU,758561.36
1439,23/11/25,GG_L6_WB_AHU,WB-AHU,476702.13
1463,24/11/25,GG_L1_DWS-SDP LP,DWS-Gudang,458841.49
1457,24/11/25,GG_L1_DWS-SDP STK,DWS-Gudang,662935.01
1489,24/11/25,GG_L1_PED-SDP LP,BPP-SDP.AHU,1368239.54
1470,24/11/25,GG_L1_PED-SDP STK,BPP-SDP.AHU,904164.52
1464,24/11/25,GG_L1_WB-DWS_AHU,WB DWS-AHU,837760.31
1507,24/11/25,GG_L1_WT-B2B_AHU,WT B2B-AHU,186809.83
1450,24/11/25,GG_L1_WT-BPP_AHU,WT BPP-AHU,442131.69
1484,24/11/25,GG_L2_P2DNS B-SDP AC,TIOC-R Istirahat,8227946.12
1481,24/11/25,GG_L2_P2DNS T-SDP 1,TIOC-SDP.AHU,955754.73
1488,24/11/25,GG_L2_P2DNS T-SDP 2,TIOC-SDP.AHU,1072938.3
1476,24/11/25,GG_L2_R Panel-SDP DB LED,R Panel,3179137.35
1462,24/11/25,GG_L2_R Panel-SDP DB UPS,R Panel,6802373.83
1496,24/11/25,GG_L2_R Panel-SDP PP,R Panel,3040508.03
1456,24/11/25,GG_L3_DSO-SDP Server,DSO-R Monitoring,1022017.92
1467,24/11/25,GG_L3_DSO-SDP-LP-STK,DSO-R Panel,1746704.38
1469,24/11/25,GG_L3_WB_AHU,WB-AHU,491136.54
1455,24/11/25,GG_L3_WT_AHU,WT-AHU,522883.92
1482,24/11/25,GG_L4_WB_AHU,WB-AHU,738809.95
1504,24/11/25,GG_L4_WT_AHU,WT-AHU,571867.6
1491,24/11/25,GG_L5_WB_AHU,WB-AHU,468051.22
1453,24/11/25,GG_L6_INFRACO-SDP LP-STK 1,Infraco-SDP-AHU,1425593.81
1505,24/11/25,GG_L6_INFRACO-SDP-LP-STK2,Infraco-SDP-AHU,828774.35
1474,24/11/25,GG_L6_WB_AHU,WB-AHU,498272.26
1558,25/11/25,GG_L1_DWS-SDP LP,DWS-Gudang,460164.63
1553,25/11/25,GG_L1_DWS-SDP STK,DWS-Gudang,665033.36
1523,25/11/25,GG_L1_PED-SDP LP,BPP-SDP.AHU,1074573.51
1564,25/11/25,GG_L1_PED-SDP STK,BPP-SDP.AHU,906749.29
1513,25/11/25,GG_L1_WB-DWS_AHU,WB DWS-AHU,876847.77
1570,25/11/25,GG_L1_WT-B2B_AHU,WT B2B-AHU,93769.9
1559,25/11/25,GG_L1_WT-BPP_AHU,WT BPP-AHU,443434.69
1519,25/11/25,GG_L2_P2DNS B-SDP AC,TIOC-R Istirahat,8245045.23
1529,25/11/25,GG_L2_P2DNS T-SDP 1,TIOC-SDP.AHU,1119036.48
1537,25/11/25,GG_L2_P2DNS T-SDP 2,TIOC-SDP.AHU,1720253.19
1510,25/11/25,GG_L2_R Panel-SDP DB LED,R Panel,3187180.54
1556,25/11/25,GG_L2_R Panel-SDP DB UPS,R Panel,6523530.83
1530,25/11/25,GG_L2_R Panel-SDP PP,R Panel,3048621.18
1551,25/11/25,GG_L3_DSO-SDP Server,DSO-R Monitoring,1024122.47
1562,25/11/25,GG_L3_DSO-SDP-LP-STK,DSO-R Panel,2003915.2
1518,25/11/25,GG_L3_WB_AHU,WB-AHU,514361.68
1565,25/11/25,GG_L3_WT_AHU,WT-AHU,524528.54
1531,25/11/25,GG_L4_WB_AHU,WB-AHU,740847.47
1552,25/11/25,GG_L4_WT_AHU,WT-AHU,573584.82
1539,25/11/25,GG_L5_WB_AHU,WB-AHU,469441.18
1563,25/11/25,GG_L6_INFRACO-SDP LP-STK 1,Infraco-SDP-AHU,1428954.22
1540,25/11/25,GG_L6_INFRACO-SDP-LP-STK2,Infraco-SDP-AHU,830855.69
1569,25/11/25,GG_L6_WB_AHU,WB-AHU,499876.36
1622,26/11/25,GG_L1_DWS-SDP LP,DWS-Gudang,461375.69
1616,26/11/25,GG_L1_DWS-SDP STK,DWS-Gudang,667155.88
1586,26/11/25,GG_L1_PED-SDP LP,BPP-SDP.AHU,1317115.17
1629,26/11/25,GG_L1_PED-SDP STK,BPP-SDP.AHU,909224.35
1623,26/11/25,GG_L1_WB-DWS_AHU,WB DWS-AHU,880158.83
1605,26/11/25,GG_L1_WT-B2B_AHU,WT B2B-AHU,131631.24
1609,26/11/25,GG_L1_WT-BPP_AHU,WT BPP-AHU,444770.46
1582,26/11/25,GG_L2_P2DNS B-SDP AC,TIOC-R Istirahat,8271177.92
1579,26/11/25,GG_L2_P2DNS T-SDP 1,TIOC-SDP.AHU,801253.3
1587,26/11/25,GG_L2_P2DNS T-SDP 2,TIOC-SDP.AHU,1723941.28
1574,26/11/25,GG_L2_R Panel-SDP DB LED,R Panel,3195244.93
1621,26/11/25,GG_L2_R Panel-SDP DB UPS,R Panel,5353290.95
1594,26/11/25,GG_L2_R Panel-SDP PP,R Panel,3056796.9
1615,26/11/25,GG_L3_DSO-SDP Server,DSO-R Monitoring,1026220.53
1626,26/11/25,GG_L3_DSO-SDP-LP-STK,DSO-R Panel,2011590.43
1628,26/11/25,GG_L3_WB_AHU,WB-AHU,516294.15
1614,26/11/25,GG_L3_WT_AHU,WT-AHU,526226.63
1580,26/11/25,GG_L4_WB_AHU,WB-AHU,742919.7
1601,26/11/25,GG_L4_WT_AHU,WT-AHU,575338.4
1588,26/11/25,GG_L5_WB_AHU,WB-AHU,470843.45
1613,26/11/25,GG_L6_INFRACO-SDP LP-STK 1,Infraco-SDP-AHU,1432488.82
1603,26/11/25,GG_L6_INFRACO-SDP-LP-STK2,Infraco-SDP-AHU,833141.76
1633,26/11/25,GG_L6_WB_AHU,WB-AHU,459732.33
1672,27/11/25,GG_L1_DWS-SDP LP,DWS-Gudang,462567.13
1666,27/11/25,GG_L1_DWS-SDP STK,DWS-Gudang,669372.74
1636,27/11/25,GG_L1_PED-SDP LP,BPP-SDP.AHU,1441065.29
1678,27/11/25,GG_L1_PED-SDP STK,BPP-SDP.AHU,873673.37
1673,27/11/25,GG_L1_WB-DWS_AHU,WB DWS-AHU,772770.54
1655,27/11/25,GG_L1_WT-B2B_AHU,WT B2B-AHU,207317.37
1659,27/11/25,GG_L1_WT-BPP_AHU,WT BPP-AHU,427486.08
1693,27/11/25,GG_L2_P2DNS B-SDP AC,TIOC-R Istirahat,8300285.19
1690,27/11/25,GG_L2_P2DNS T-SDP 1,TIOC-SDP.AHU,1126441.72
1637,27/11/25,GG_L2_P2DNS T-SDP 2,TIOC-SDP.AHU,647295.17
1684,27/11/25,GG_L2_R Panel-SDP DB LED,R Panel,3070022.8
1670,27/11/25,GG_L2_R Panel-SDP DB UPS,R Panel,6261410.36
1643,27/11/25,GG_L2_R Panel-SDP PP,R Panel,3064986.76
1664,27/11/25,GG_L3_DSO-SDP Server,DSO-R Monitoring,1028312.5
1676,27/11/25,GG_L3_DSO-SDP-LP-STK,DSO-R Panel,1851274.84
1679,27/11/25,GG_L3_WB_AHU,WB-AHU,518122.98
1665,27/11/25,GG_L3_WT_AHU,WT-AHU,527919.08
1692,27/11/25,GG_L4_WB_AHU,WB-AHU,744973.63
1652,27/11/25,GG_L4_WT_AHU,WT-AHU,577084.21
1639,27/11/25,GG_L5_WB_AHU,WB-AHU,472246.8
1663,27/11/25,GG_L6_INFRACO-SDP LP-STK 1,Infraco-SDP-AHU,1435861.1
1653,27/11/25,GG_L6_INFRACO-SDP-LP-STK2,Infraco-SDP-AHU,800720.82
1683,27/11/25,GG_L6_WB_AHU,WB-AHU,503038.98
1709,28/11/25,GG_L1_DWS-SDP LP,DWS-Gudang,463773.25
1703,28/11/25,GG_L1_DWS-SDP STK,DWS-Gudang,671515.27
1733,28/11/25,GG_L1_PED-SDP LP,BPP-SDP.AHU,1384610.87
1715,28/11/25,GG_L1_PED-SDP STK,BPP-SDP.AHU,914138.8
1708,28/11/25,GG_L1_WB-DWS_AHU,WB DWS-AHU,775525.14
1752,28/11/25,GG_L1_WT-B2B_AHU,WT B2B-AHU,208047.99
1756,28/11/25,GG_L1_WT-BPP_AHU,WT BPP-AHU,447445.49
1729,28/11/25,GG_L2_P2DNS B-SDP AC,TIOC-R Istirahat,8325678.47
1726,28/11/25,GG_L2_P2DNS T-SDP 1,TIOC-SDP.AHU,645204.3
1734,28/11/25,GG_L2_P2DNS T-SDP 2,TIOC-SDP.AHU,1296091.39
1720,28/11/25,GG_L2_R Panel-SDP DB LED,R Panel,3211544.69
1707,28/11/25,GG_L2_R Panel-SDP DB UPS,R Panel,5980367.08
1741,28/11/25,GG_L2_R Panel-SDP PP,R Panel,2945095.88
1702,28/11/25,GG_L3_DSO-SDP Server,DSO-R Monitoring,1030414.88
1712,28/11/25,GG_L3_DSO-SDP-LP-STK,DSO-R Panel,2025993.54
1714,28/11/25,GG_L3_WB_AHU,WB-AHU,520003.06
1701,28/11/25,GG_L3_WT_AHU,WT-AHU,529662.73
1727,28/11/25,GG_L4_WB_AHU,WB-AHU,716000.43
1748,28/11/25,GG_L4_WT_AHU,WT-AHU,578881.67
1735,28/11/25,GG_L5_WB_AHU,WB-AHU,454026.18
1700,28/11/25,GG_L6_INFRACO-SDP LP-STK 1,Infraco-SDP-AHU,1439283.52
1750,28/11/25,GG_L6_INFRACO-SDP-LP-STK2,Infraco-SDP-AHU,837847.39
1719,28/11/25,GG_L6_WB_AHU,WB-AHU,483579.66
1772,29/11/25,GG_L1_DWS-SDP LP,DWS-Gudang,425915.43
1766,29/11/25,GG_L1_DWS-SDP STK,DWS-Gudang,616630.31
1797,29/11/25,GG_L1_PED-SDP LP,BPP-SDP.AHU,1266166.92
1778,29/11/25,GG_L1_PED-SDP STK,BPP-SDP.AHU,763272.3
1773,29/11/25,GG_L1_WB-DWS_AHU,WB DWS-AHU,665752.71
1816,29/11/25,GG_L1_WT-B2B_AHU,WT B2B-AHU,208308.31
1820,29/11/25,GG_L1_WT-BPP_AHU,WT BPP-AHU,410751
1793,29/11/25,GG_L2_P2DNS B-SDP AC,TIOC-R Istirahat,7654738.94
1790,29/11/25,GG_L2_P2DNS T-SDP 1,TIOC-SDP.AHU,1133310.58
1798,29/11/25,GG_L2_P2DNS T-SDP 2,TIOC-SDP.AHU,1082156.14
1784,29/11/25,GG_L2_R Panel-SDP DB LED,R Panel,2950988.59
1770,29/11/25,GG_L2_R Panel-SDP DB UPS,R Panel,5995541.19
1804,29/11/25,GG_L2_R Panel-SDP PP,R Panel,2695979.46
1764,29/11/25,GG_L3_DSO-SDP Server,DSO-R Monitoring,860384.02
1776,29/11/25,GG_L3_DSO-SDP-LP-STK,DSO-R Panel,1692585.62
1779,29/11/25,GG_L3_WB_AHU,WB-AHU,477504.63
1765,29/11/25,GG_L3_WT_AHU,WT-AHU,464175.18
1792,29/11/25,GG_L4_WB_AHU,WB-AHU,623510
1813,29/11/25,GG_L4_WT_AHU,WT-AHU,531424.09
1800,29/11/25,GG_L5_WB_AHU,WB-AHU,415583.85
1763,29/11/25,GG_L6_INFRACO-SDP LP-STK 1,Infraco-SDP-AHU,1261943.15
1814,29/11/25,GG_L6_INFRACO-SDP-LP-STK2,Infraco-SDP-AHU,769752.03
1782,29/11/25,GG_L6_WB_AHU,WB-AHU,442223.87
